{"cameraMode":{"drawMode":0,"name":"Shaded","section":"Shading Mode"},"sceneLighting":true,"audioPlay":false,"sceneViewState":{"m_AlwaysRefresh":false,"showFog":true,"showSkybox":true,"showFlares":true,"showImageEffects":true,"showParticleSystems":true,"showVisualEffectGraphs":true,"m_FxEnabled":true},"in2DMode":false,"pivot":{"x":1.662490963935852,"y":6.003459930419922,"z":0.6535568237304688},"rotation":{"x":-0.00016626842261757702,"y":-0.9998318552970886,"z":0.014396866783499718,"w":-0.011703004129230976},"size":19.97943687438965,"orthographic":false}